[{"id":"5a31f4c9-653f-414c-b237-89c9850dc66d","codename":"article","last_modified":"2020-05-27T12:59:51.3495727Z","name":"Article","content_groups":[],"elements":[{"maximum_text_length":null,"name":"Title","guidelines":null,"is_required":true,"type":"text","id":"d60e46fd-35eb-4e40-b58f-70a3b51b7bb4","codename":"title"},{"asset_count_limit":{"value":1,"condition":"at_most"},"maximum_file_size":null,"allowed_file_types":"adjustable","image_width_limit":null,"image_height_limit":null,"name":"Image","guidelines":null,"is_required":false,"type":"asset","id":"e8161c73-7c90-4701-bb1b-59bb6863fa7b","codename":"image"},{"maximum_text_length":null,"name":"Content","guidelines":null,"is_required":false,"type":"text","id":"6b88e61e-63a8-492a-8fed-318fc051f172","codename":"content"},{"name":"Article Number","guidelines":null,"is_required":false,"type":"number","id":"b2cbb5ab-9f1d-4175-81b9-8e37796cfff1","codename":"article_number"},{"depends_on":{"element":{"id":"d60e46fd-35eb-4e40-b58f-70a3b51b7bb4"}},"name":"Slug","guidelines":null,"is_required":false,"type":"url_slug","id":"2af8159c-c648-4cf2-87d5-106d142cdbaa","codename":"slug"}]}]